{
  "iterations": [
    0,
    250,
    500,
    750,
    1000,
    1250,
    1500,
    1750,
    2000,
    2250,
    2500,
    2750,
    3000,
    3250,
    3500,
    3750,
    4000,
    4250,
    4500
  ],
  "win_rates": [
    100.0,
    36.65338645418327,
    36.72654690618762,
    38.21571238348868,
    40.25974025974026,
    40.7673860911271,
    40.639573617588276,
    41.80468303826385,
    42.728635682158924,
    42.914260328742785,
    42.86285485805678,
    43.25699745547074,
    43.585471509496834,
    43.95570593663488,
    44.41588117680663,
    44.49480138629699,
    44.638840289927515,
    44.53069865913903,
    44.723394801155294
  ],
  "loss_values": [
    null,
    null,
    null,
    null,
    null,
    null,
    null,
    null,
    null,
    null,
    null,
    null,
    null,
    null,
    null,
    null,
    null,
    null,
    null
  ],
  "exploration_rates": [
    1.0,
    0.7787033741169904,
    0.6063789448611848,
    0.47218933035690447,
    0.3676954247709635,
    0.28632566791652947,
    0.22296276370290227,
    0.17362185639789907,
    0.1351999253974994,
    0.10528063808739813,
    0.08198238810784661,
    0.06383996223774882,
    0.04971239399803625,
    0.03871120894170404,
    0.030144549019052724,
    0.023473662032371355,
    0.018279019827489446,
    0.014233934415217388,
    0.011084012756089733
  ],
  "avg_rewards": [
    0.44220625126980667,
    0.4499323104539969,
    0.9828732170586223,
    1.2140421833253965,
    1.1567881865892304,
    1.1035893216195072,
    1.3203910226606002,
    1.6408312802621452,
    1.8727291954751344,
    1.983307766218487,
    2.2115436545792564,
    2.264788305489929,
    2.2170023092623783,
    2.249416785117444,
    2.417210675513296,
    2.599641092557633,
    2.5366758719821707,
    2.4742969413760934,
    2.529729468376482
  ],
  "bluff_success_rates": [
    0.0,
    0.0,
    0.0,
    0.0,
    0.0,
    0.0,
    0.0,
    0.0,
    0.0,
    0.0,
    0.0,
    0.0,
    0.0,
    0.0,
    0.0,
    0.0,
    0.0,
    0.0,
    0.0
  ],
  "fold_rates": [
    0.0,
    0.0,
    0.0,
    0.0,
    0.0,
    0.0,
    0.0,
    0.0,
    0.0,
    0.0,
    0.0,
    0.0,
    0.0,
    0.0,
    0.0,
    0.0,
    0.0,
    0.0,
    0.0
  ],
  "aggression_factors": [
    0,
    0,
    0,
    0,
    0,
    0,
    0,
    0,
    0,
    0,
    0,
    0,
    0,
    0,
    0,
    0,
    0,
    0,
    0
  ],
  "custom_metrics": {
    "raise_size": [
      21.5,
      20.05578231292517,
      20.055011303692538,
      20.605105920695273,
      21.251097453906937,
      21.543113101903696,
      21.681743690593247,
      21.893666472980826,
      21.909936238044633,
      21.94296205630355,
      21.776036866359448,
      21.83885839736553,
      21.946447176495102,
      22.098510427010922,
      22.072630981653113,
      22.103679535979698,
      21.970507071403933,
      21.915349143610012,
      22.02602348460806
    ],
    "action_frequency": [
      {
        "fold": 0,
        "call": 0,
        "raise": 0
      },
      {
        "fold": 0,
        "call": 0,
        "raise": 0
      },
      {
        "fold": 0,
        "call": 0,
        "raise": 0
      },
      {
        "fold": 0,
        "call": 0,
        "raise": 0
      },
      {
        "fold": 0,
        "call": 0,
        "raise": 0
      },
      {
        "fold": 0,
        "call": 0,
        "raise": 0
      },
      {
        "fold": 0,
        "call": 0,
        "raise": 0
      },
      {
        "fold": 0,
        "call": 0,
        "raise": 0
      },
      {
        "fold": 0,
        "call": 0,
        "raise": 0
      },
      {
        "fold": 0,
        "call": 0,
        "raise": 0
      },
      {
        "fold": 0,
        "call": 0,
        "raise": 0
      },
      {
        "fold": 0,
        "call": 0,
        "raise": 0
      },
      {
        "fold": 0,
        "call": 0,
        "raise": 0
      },
      {
        "fold": 0,
        "call": 0,
        "raise": 0
      },
      {
        "fold": 0,
        "call": 0,
        "raise": 0
      },
      {
        "fold": 0,
        "call": 0,
        "raise": 0
      },
      {
        "fold": 0,
        "call": 0,
        "raise": 0
      },
      {
        "fold": 0,
        "call": 0,
        "raise": 0
      },
      {
        "fold": 0,
        "call": 0,
        "raise": 0
      }
    ],
    "pot_odds_calls": [
      {
        "justified": 0,
        "unjustified": 0
      },
      {
        "justified": 0,
        "unjustified": 0
      },
      {
        "justified": 0,
        "unjustified": 0
      },
      {
        "justified": 0,
        "unjustified": 0
      },
      {
        "justified": 0,
        "unjustified": 0
      },
      {
        "justified": 0,
        "unjustified": 0
      },
      {
        "justified": 0,
        "unjustified": 0
      },
      {
        "justified": 0,
        "unjustified": 0
      },
      {
        "justified": 0,
        "unjustified": 0
      },
      {
        "justified": 0,
        "unjustified": 0
      },
      {
        "justified": 0,
        "unjustified": 0
      },
      {
        "justified": 0,
        "unjustified": 0
      },
      {
        "justified": 0,
        "unjustified": 0
      },
      {
        "justified": 0,
        "unjustified": 0
      },
      {
        "justified": 0,
        "unjustified": 0
      },
      {
        "justified": 0,
        "unjustified": 0
      },
      {
        "justified": 0,
        "unjustified": 0
      },
      {
        "justified": 0,
        "unjustified": 0
      },
      {
        "justified": 0,
        "unjustified": 0
      }
    ],
    "hand_strength_correlation": [
      0.44220625126980667,
      0.4499323104539969,
      0.9828732170586223,
      1.2140421833253965,
      1.1567881865892304,
      1.1035893216195072,
      1.3203910226606002,
      1.6408312802621452,
      1.8727291954751344,
      1.983307766218487,
      2.2115436545792564,
      2.264788305489929,
      2.2170023092623783,
      2.249416785117444,
      2.417210675513296,
      2.599641092557633,
      2.5366758719821707,
      2.4742969413760934,
      2.529729468376482
    ],
    "kane_strategy": [
      "Unknown",
      "Unknown",
      "Unknown",
      "Unknown",
      "Unknown",
      "Unknown",
      "Unknown",
      "Unknown",
      "Unknown",
      "Unknown",
      "Unknown",
      "Unknown",
      "Unknown",
      "Unknown",
      "Unknown",
      "Unknown",
      "Unknown",
      "Unknown",
      "Unknown"
    ]
  },
  "action_frequencies": [
    {
      "fold": 0,
      "call": 0,
      "raise": 0
    },
    {
      "fold": 0,
      "call": 0,
      "raise": 0
    },
    {
      "fold": 0,
      "call": 0,
      "raise": 0
    },
    {
      "fold": 0,
      "call": 0,
      "raise": 0
    },
    {
      "fold": 0,
      "call": 0,
      "raise": 0
    },
    {
      "fold": 0,
      "call": 0,
      "raise": 0
    },
    {
      "fold": 0,
      "call": 0,
      "raise": 0
    },
    {
      "fold": 0,
      "call": 0,
      "raise": 0
    },
    {
      "fold": 0,
      "call": 0,
      "raise": 0
    },
    {
      "fold": 0,
      "call": 0,
      "raise": 0
    },
    {
      "fold": 0,
      "call": 0,
      "raise": 0
    },
    {
      "fold": 0,
      "call": 0,
      "raise": 0
    },
    {
      "fold": 0,
      "call": 0,
      "raise": 0
    },
    {
      "fold": 0,
      "call": 0,
      "raise": 0
    },
    {
      "fold": 0,
      "call": 0,
      "raise": 0
    },
    {
      "fold": 0,
      "call": 0,
      "raise": 0
    },
    {
      "fold": 0,
      "call": 0,
      "raise": 0
    },
    {
      "fold": 0,
      "call": 0,
      "raise": 0
    },
    {
      "fold": 0,
      "call": 0,
      "raise": 0
    }
  ],